id,nickname,first_name,last_name,first_furigana,last_furigana,birthday,email,password
1,yuta_enomoto,優太,榎本,ユウタ,エノモト,2000-01-01,yutaenomoto@te.st,yutaenomoto1
2,kodai_fujita,航大,藤田,コウダイ,フジタ,2000-01-02,kodaifujita@te.st,kodaifujita1
3,ayaka_maruyama,彩香,丸山,アヤカ,マルヤマ,2000-01-03,ayakamaruyama@te.st,ayakamaruyama1
4,kosuke_maekawa,皓輔,前川,コウスケ,マエカワ,2000-01-04,kosukemaekawa@te.st,kosukemaekawa1
5,taisuke_hosono,泰輔,細野,タイスケ,ホソノ,2000-01-05,taisukehosono@te.st,taisukehosono1